id,Player,pid,team_id,Year,Round_Number,Round_Pick,Overall_Pick
1,Cade Cunningham,72372,1,2021,1,1,1
2,Jalen Green,0,2,2021,1,2,2
3,Evan Mobley,72870,3,2021,1,3,3
4,Scottie Barnes,72657,4,2021,1,4,4
5,Jalen Suggs,72863,5,2021,1,5,5
6,Josh Giddey,0,6,2021,1,6,6
7,Jonathan Kuminga,0,7,2021,1,7,7
8,Franz Wagner,70394,5,2021,1,8,8
9,Davion Mitchell,51367,8,2021,1,9,9
10,Ziaire Williams,72856,9,2021,1,10,10
11,James Bouknight,70319,10,2021,1,11,11
12,Joshua Primo,72716,11,2021,1,12,12
13,Chris Duarte,70910,12,2021,1,13,13
14,Moses Moody,72944,7,2021,1,14,14
15,Corey Kispert,51050,13,2021,1,15,15
16,Alperen Sengun,0,6,2021,1,16,16
17,Trey Murphy III,65675,14,2021,1,17,17
18,Tre Mann,70993,6,2021,1,18,18
19,Kai Jones,71905,15,2021,1,19,19
20,Jalen Johnson,45313,16,2021,1,20,20
21,Keon Johnson,29339,15,2021,1,21,21
22,Isaiah Jackson,35389,17,2021,1,22,22
23,Usman Garuba,0,2,2021,1,23,23
24,Josh Christopher,72758,2,2021,1,24,24
25,Quentin Grimes,65580,18,2021,1,25,25
26,Bones Hyland,0,19,2021,1,26,26
27,Cam Thomas,0,20,2021,1,27,27
28,Jaden Springer,73275,21,2021,1,28,28
29,Day'Ron Sharpe,73518,22,2021,1,29,29
30,Santi Aldama,71076,23,2021,1,30,30
31,Isaiah Todd,0,24,2021,2,1,31
32,Jeremiah Robinson-Earl,71861,15,2021,2,2,32
33,Jason Preston,65701,5,2021,2,3,33
34,Rokas Jokubaitis,0,6,2021,2,4,34
35,Herbert Jones,51990,9,2021,2,5,35
36,Miles McBride,71636,6,2021,2,6,36
37,JT Thor,73213,1,2021,2,7,37
38,Ayo Dosunmu,66420,25,2021,2,8,38
39,Neemias Queta,67637,8,2021,2,9,39
40,Jared Butler,66113,8,2021,2,10,40
41,Joe Wieskamp,66492,11,2021,2,11,41
42,Isaiah Livers,50343,1,2021,2,12,42
43,Greg Brown III,73630,9,2021,2,13,43
44,Kessler Edwards,66410,20,2021,2,14,44
45,Juhann Begarin,0,26,2021,2,15,45
46,Dalano Banton,65803,4,2021,2,16,46
47,David Johnson,70419,4,2021,2,17,47
48,Sharife Cooper,72782,16,2021,2,18,48
49,Marcus Zegarowski,65501,20,2021,2,19,49
50,Filip Petrusev,66035,21,2021,2,20,50
51,Brandon Boston Jr.,73723,14,2021,2,21,51
52,Luka Garza,51595,1,2021,2,22,52
53,Charles Bassey,65800,21,2021,2,23,53
54,Sandro Mamukelashvili,50557,12,2021,2,24,54
55,Aaron Wiggins,66483,6,2021,2,25,55
56,Scottie Lewis,70994,10,2021,2,26,56
57,Balsa Koprivica,72082,10,2021,2,27,57
58,Jericho Sims,51301,15,2021,2,28,58
59,RaiQuan Gray,65720,20,2021,2,29,59
60,Georgios Kalaitzakis,0,12,2021,2,30,60
61,Anthony Edwards,71877,27,2020,1,1,1
62,James Wiseman,70562,7,2020,1,2,2
63,LaMelo Ball,0,10,2020,1,3,3
64,Patrick Williams,72084,25,2020,1,4,4
65,Isaac Okoro,70647,3,2020,1,5,5
66,Onyeka Okongwu,71269,16,2020,1,6,6
67,Killian Hayes,0,1,2020,1,7,7
68,Obi Toppin,65484,15,2020,1,8,8
69,Deni Avdija,0,13,2020,1,9,9
70,Jalen Smith,65495,22,2020,1,10,10
71,Devin Vassell,66203,11,2020,1,11,11
72,Tyrese Haliburton,65663,8,2020,1,12,12
73,Kira Lewis Jr.,66608,9,2020,1,13,13
74,Aaron Nesmith,66174,26,2020,1,14,14
75,Cole Anthony,70338,5,2020,1,15,15
76,Isaiah Stewart,71545,28,2020,1,16,16
77,Aleksej Pokusevski,0,27,2020,1,17,17
78,Josh Green,71436,29,2020,1,18,18
79,Saddiq Bey,65889,20,2020,1,19,19
80,Precious Achiuwa,70558,30,2020,1,20,20
81,Tyrese Maxey,71900,21,2020,1,21,21
82,Zeke Nnaji,70422,19,2020,1,22,22
83,Leandro Bolmaro,0,15,2020,1,23,23
84,R.J. Hampton,0,24,2020,1,24,24
85,Immanuel Quickley,65578,6,2020,1,25,25
86,Payton Pritchard,47506,26,2020,1,26,26
87,Udoka Azubuike,45190,23,2020,1,27,27
88,Jaden McDaniels,71487,17,2020,1,28,28
89,Malachi Flynn,44865,4,2020,1,29,29
90,Desmond Bane,46595,26,2020,1,30,30
91,Tyrell Terry,70571,29,2020,2,1,31
92,Vernon Carey Jr.,71628,10,2020,2,2,32
93,Daniel Oturu,66110,27,2020,2,3,33
94,Theo Maledon,0,21,2020,2,4,34
95,Xavier Tillman Sr.,0,8,2020,2,5,35
96,Tyler Bey,52083,21,2020,2,6,36
97,Vit Krejci,0,13,2020,2,7,37
98,Saben Lee,50484,23,2020,2,8,38
99,Elijah Hughes,47357,9,2020,2,9,39
100,Robert Woodard II,0,14,2020,2,10,40
101,Tre Jones,65855,11,2020,2,11,41
102,Nick Richards,51728,9,2020,2,12,42
103,Jahmi'us Ramsey,71183,8,2020,2,13,43
104,Marko Simonovic,0,25,2020,2,14,44
105,Jordan Nwora,50605,24,2020,2,15,45
106,CJ Elleby,65531,28,2020,2,16,46
107,Yam Madar,0,26,2020,2,17,47
108,Nico Mannion,71327,7,2020,2,18,48
109,Isaiah Joe,66609,21,2020,2,19,49
110,Skylar Mays,48923,16,2020,2,20,50
111,Justinian Jessup,48123,7,2020,2,21,51
112,Kenyon Martin Jr.,0,8,2020,2,22,52
113,Cassius Winston,44722,6,2020,2,23,53
114,Cassius Stanley,71030,12,2020,2,24,54
115,Jay Scrubb,0,20,2020,2,25,55
116,Grant Riller,40407,10,2020,2,26,56
117,Reggie Perry,65915,18,2020,2,27,57
118,Paul Reed,50818,21,2020,2,28,58
119,Jalen Harris,21640,4,2020,2,29,59
120,Sam Merrill,47902,9,2020,2,30,60
121,Zion Williamson,65847,9,2019,1,1,1
122,Ja Morant,0,14,2019,1,2,2
123,RJ Barrett,0,15,2019,1,3,3
124,De'Andre Hunter,45188,17,2019,1,4,4
125,Darius Garland,65919,3,2019,1,5,5
126,Jarrett Culver,51280,22,2019,1,6,6
127,Coby White,65631,25,2019,1,7,7
128,Jaxson Hayes,66595,16,2019,1,8,8
129,Rui Hachimura,48365,13,2019,1,9,9
130,Cam Reddish,65846,16,2019,1,10,10
131,Cameron Johnson,1768,27,2019,1,11,11
132,P.J. Washington,0,10,2019,1,12,12
133,Tyler Herro,66474,30,2019,1,13,13
134,Romeo Langford,65891,26,2019,1,14,14
135,Sekou Doumbouya,0,1,2019,1,15,15
136,Chuma Okeke,51602,5,2019,1,16,16
137,Nickeil Alexander-Walker,50477,20,2019,1,17,17
138,Goga Bitadze,0,12,2019,1,18,18
139,Luka Samanic,0,11,2019,1,19,19
140,Matisse Thybulle,43029,26,2019,1,20,20
141,Brandon Clarke,43790,6,2019,1,21,21
142,Grant Williams,49187,26,2019,1,22,22
143,Darius Bazley,0,23,2019,1,23,23
144,Ty Jerome,45185,21,2019,1,24,24
145,Nassir Little,65458,28,2019,1,25,25
146,Dylan Windler,40475,3,2019,1,26,26
147,Mfiondu Kabengele,48424,20,2019,1,27,27
148,Jordan Poole,50346,7,2019,1,28,28
149,Keldon Johnson,66092,11,2019,1,29,29
150,Kevin Porter Jr.,66706,24,2019,1,30,30
151,Nic Claxton,0,20,2019,2,1,31
152,KZ Okpala,0,22,2019,2,2,32
153,Carsen Edwards,47325,21,2019,2,3,33
154,Bruno Fernando,51951,21,2019,2,4,34
155,Didi Louzada,0,16,2019,2,5,35
156,Cody Martin,46681,10,2019,2,6,36
157,Deividas Sirvydis,0,29,2019,2,7,37
158,Daniel Gafford,51358,25,2019,2,8,38
159,Alen Smailagic,0,9,2019,2,9,39
160,Justin James,40442,8,2019,2,10,40
161,Eric Paschall,37332,7,2019,2,11,41
162,Admiral Schofield,42130,21,2019,2,12,42
163,Jaylen Nowell,52287,27,2019,2,13,43
164,Bol Bol,65857,30,2019,2,14,44
165,Isaiah Roby,44213,1,2019,2,15,45
166,Talen Horton-Tucker,65661,5,2019,2,16,46
167,Ignas Brazdeikis,65491,8,2019,2,17,47
168,Terance Mann,41748,18,2019,2,18,48
169,Quinndary Weatherspoon,41354,11,2019,2,19,49
170,Jarrell Brantley,40460,12,2019,2,20,50
171,Tremont Waters,51308,26,2019,2,21,51
172,Jalen McDaniels,48490,10,2019,2,22,52
173,Justin Wright-Foreman,43169,23,2019,2,23,53
174,Marial Shayok,35662,21,2019,2,24,54
175,Kyle Guy,48211,15,2019,2,25,55
176,Jaylen Hands,51920,18,2019,2,26,56
177,Jordan Bone,49185,9,2019,2,27,57
178,Miye Oni,44509,7,2019,2,28,58
179,Dewan Hernandez,0,4,2019,2,29,59
180,Vanja Marinkovic,0,8,2019,2,30,60
181,Deandre Ayton,50238,22,2018,1,1,1
182,Marvin Bagley III,50726,8,2018,1,2,2
183,Luka Doncic,0,16,2018,1,3,3
184,Jaren Jackson Jr.,51788,14,2018,1,4,4
185,Trae Young,51469,29,2018,1,5,5
186,Mo Bamba,0,5,2018,1,6,6
187,Wendell Carter Jr.,51785,25,2018,1,7,7
188,Collin Sexton,51365,3,2018,1,8,8
189,Kevin Knox II,0,15,2018,1,9,9
190,Mikal Bridges,37054,21,2018,1,10,10
191,Shai Gilgeous-Alexander,51731,10,2018,1,11,11
192,Miles Bridges,44723,18,2018,1,12,12
193,Jerome Robinson,43548,18,2018,1,13,13
194,Michael Porter Jr.,51186,19,2018,1,14,14
195,Troy Brown Jr.,0,13,2018,1,15,15
196,Zhaire Smith,51689,22,2018,1,16,16
197,Donte DiVincenzo,40884,24,2018,1,17,17
198,Lonnie Walker IV,50255,11,2018,1,18,18
199,Kevin Huerter,45160,16,2018,1,19,19
200,Josh Okogie,46259,27,2018,1,20,20
201,Grayson Allen,37731,23,2018,1,21,21
202,Chandler Hutchison,36559,25,2018,1,22,22
203,Aaron Holiday,39514,12,2018,1,23,23
204,Anfernee Simons,0,28,2018,1,24,24
205,Moritz Wagner,40399,17,2018,1,25,25
206,Landry Shamet,40045,21,2018,1,26,26
207,Robert Williams III,0,26,2018,1,27,27
208,Jacob Evans,0,7,2018,1,28,28
209,Dzanan Musa,0,20,2018,1,29,29
210,Omari Spellman,47562,16,2018,1,30,30
211,Elie Okobo,0,22,2018,2,1,31
212,Jevon Carter,33739,14,2018,2,2,32
213,Jalen Brunson,40885,29,2018,2,3,33
214,Devonte' Graham,34391,16,2018,2,4,34
215,Melvin Frazier Jr.,0,5,2018,2,5,35
216,Mitchell Robinson,0,15,2018,2,6,36
217,Gary Trent Jr.,51371,8,2018,2,7,37
218,Khyri Thomas,39884,21,2018,2,8,38
219,Isaac Bonga,0,21,2018,2,9,39
220,Rodions Kurucs,0,20,2018,2,10,40
221,Jarred Vanderbilt,52039,5,2018,2,11,41
222,Bruce Brown,46262,1,2018,2,12,42
223,Justin Jackson,8833,19,2018,2,13,43
224,Issuf Sanon,0,13,2018,2,14,44
225,Hamidou Diallo,51454,20,2018,2,15,45
226,De'Anthony Melton,47673,2,2018,2,16,46
227,Svi Mykhailiuk,0,17,2018,2,17,47
228,Keita Bates-Diop,33637,27,2018,2,18,48
229,Chimezie Metu,39509,24,2018,2,19,49
230,Alize Johnson,46797,12,2018,2,20,50
231,Tony Carr,49590,9,2018,2,21,51
232,Vincent Edwards,0,23,2018,2,22,52
233,Devon Hall,35972,6,2018,2,23,53
234,Shake Milton,39043,29,2018,2,24,54
235,Arnoldas Kulboka,0,10,2018,2,25,55
236,Ray Spalding,0,21,2018,2,26,56
237,Kevin Hervey,35331,6,2018,2,27,57
238,Thomas Welsh,36884,19,2018,2,28,58
239,George King,29633,22,2018,2,29,59
240,Kostas Antetokounmpo,44540,21,2018,2,30,60
241,Markelle Fultz,47677,21,2017,1,1,1
242,Lonzo Ball,44633,17,2017,1,2,2
243,Jayson Tatum,45563,26,2017,1,3,3
244,Josh Jackson,9641,22,2017,1,4,4
245,De'Aaron Fox,47561,8,2017,1,5,5
246,Jonathan Isaac,48431,5,2017,1,6,6
247,Lauri Markkanen,44973,27,2017,1,7,7
248,Frank Ntilikina,0,15,2017,1,8,8
249,Dennis Smith Jr.,0,29,2017,1,9,9
250,Zach Collins,48367,8,2017,1,10,10
251,Malik Monk,45276,10,2017,1,11,11
252,Luke Kennard,40143,1,2017,1,12,12
253,Donovan Mitchell,41754,19,2017,1,13,13
254,Bam Adebayo,0,30,2017,1,14,14
255,Justin Jackson,8833,28,2017,1,15,15
256,Justin Patton,24393,25,2017,1,16,16
257,D.J. Wilson,36619,24,2017,1,17,17
258,T.J. Leaf,0,12,2017,1,18,18
259,John Collins,41627,16,2017,1,19,19
260,Harry Giles III,0,28,2017,1,20,20
261,Terrance Ferguson,0,6,2017,1,21,21
262,Jarrett Allen,47193,20,2017,1,22,22
263,OG Anunoby,0,4,2017,1,23,23
264,Tyler Lydon,40441,23,2017,1,24,24
265,Anzejs Pasecniks,0,5,2017,1,25,25
266,Caleb Swanigan,39112,28,2017,1,26,26
267,Kyle Kuzma,35219,20,2017,1,27,27
268,Tony Bradley,49377,17,2017,1,28,28
269,Derrick White,41996,11,2017,1,29,29
270,Josh Hart,33417,23,2017,1,30,30
271,Frank Jackson,48430,10,2017,2,1,31
272,Davon Reed,31708,22,2017,2,2,32
273,Wes Iwundu,0,5,2017,2,3,33
274,Frank Mason III,0,8,2017,2,4,34
275,Ivan Rabb,41316,5,2017,2,5,35
276,Jonah Bolden,37336,21,2017,2,6,36
277,Semi Ojeleye,28767,26,2017,2,7,37
278,Jordan Bell,38340,25,2017,2,8,38
279,Jawun Evans,38748,21,2017,2,9,39
280,Dwayne Bacon,41746,9,2017,2,10,40
281,Tyler Dorsey,39243,16,2017,2,11,41
282,Thomas Bryant,40461,23,2017,2,12,42
283,Isaiah Hartenstein,0,2,2017,2,13,43
284,Damyean Dotson,41447,15,2017,2,14,44
285,Dillon Brooks,37385,2,2017,2,15,45
286,Sterling Brown,32989,21,2017,2,16,46
287,Ike Anigbogu,44630,12,2017,2,17,47
288,Sindarius Thornwell,29814,24,2017,2,18,48
289,Vlatko Cancar,0,19,2017,2,19,49
290,Mathias Lessort,0,21,2017,2,20,50
291,Monte Morris,0,19,2017,2,21,51
292,Edmond Sumner,35886,9,2017,2,22,52
293,Kadeem Allen,34157,26,2017,2,23,53
294,Alec Peters,29744,22,2017,2,24,54
295,Nigel Williams-Goss,33186,23,2017,2,25,55
296,Jabari Bird,31372,26,2017,2,26,56
297,Aleksandar Vezenkov,0,20,2017,2,27,57
298,Ognjen Jaramaz,0,15,2017,2,28,58
299,Jaron Blossomgame,30917,11,2017,2,29,59
300,Alpha Kaba,0,16,2017,2,30,60
301,Ben Simmons,41356,21,2016,1,1,1
302,Brandon Ingram,40152,17,2016,1,2,2
303,Jaylen Brown,38792,26,2016,1,3,3
304,Dragan Bender,0,22,2016,1,4,4
305,Kris Dunn,25358,27,2016,1,5,5
306,Buddy Hield,27126,9,2016,1,6,6
307,Jamal Murray,41317,19,2016,1,7,7
308,Marquese Chriss,39876,22,2016,1,8,8
309,Jakob Poeltl,35220,4,2016,1,9,9
310,Thon Maker,0,24,2016,1,10,10
311,Domantas Sabonis,33822,6,2016,1,11,11
312,Taurean Prince,24114,23,2016,1,12,12
313,Georgios Papagiannis,0,8,2016,1,13,13
314,Denzel Valentine,26984,25,2016,1,14,14
315,Juancho Hernangomez,0,19,2016,1,15,15
316,Guerschon Yabusele,0,26,2016,1,16,16
317,Wade Baldwin IV,36903,14,2016,1,17,17
318,Henry Ellenson,42990,1,2016,1,18,18
319,Malik Beasley,41749,19,2016,1,19,19
320,Caris LeVert,26551,12,2016,1,20,20
321,DeAndre' Bembry,0,16,2016,1,21,21
322,Malachi Richardson,40443,10,2016,1,22,22
323,Ante Zizic,0,26,2016,1,23,23
324,Timothe Luwawu-Cabarrot,0,21,2016,1,24,24
325,Brice Johnson,24417,18,2016,1,25,25
326,Furkan Korkmaz,0,21,2016,1,26,26
327,Pascal Siakam,37123,4,2016,1,27,27
328,Skal Labissiere,42780,8,2016,1,28,28
329,Dejounte Murray,40260,11,2016,1,29,29
330,Damian Jones,28727,7,2016,1,30,30
331,Deyonta Davis,40042,26,2016,2,1,31
332,Ivica Zubac,0,17,2016,2,2,32
333,Cheick Diallo,40882,18,2016,2,3,33
334,Tyler Ulis,35839,22,2016,2,4,34
335,Rade Zagorac,0,26,2016,2,5,35
336,Malcolm Brogdon,33335,24,2016,2,6,36
337,Chinanu Onuaku,35483,2,2016,2,7,37
338,Patrick McCaw,37216,7,2016,2,8,38
339,David Michineau,0,9,2016,2,9,39
340,Diamond Stone,40521,9,2016,2,10,40
341,Stephen Zimmerman,0,5,2016,2,11,41
342,Isaiah Whitehead,35622,20,2016,2,12,42
343,Zhou Qi,0,2,2016,2,13,43
344,Isaia Cordinier,0,16,2016,2,14,44
345,Demetrius Jackson,29232,26,2016,2,15,45
346,AJ Hammons,0,29,2016,2,16,46
347,Jake Layman,26773,5,2016,2,17,47
348,Paul Zipser,0,25,2016,2,18,48
349,Michael Gbinije,21893,1,2016,2,19,49
350,Georges Niang,25519,12,2016,2,20,50
351,Ben Bentil,34801,26,2016,2,21,51
352,Joel Bolomboy,24934,23,2016,2,22,52
353,Petr Cornelie,0,19,2016,2,23,53
354,Kay Felder,0,16,2016,2,24,54
355,Marcus Paige,24416,23,2016,2,25,55
356,Daniel Hamilton,35659,19,2016,2,26,56
357,Wang Zhelin,0,14,2016,2,27,57
358,Abdel Nader,34544,26,2016,2,28,58
359,Isaiah Cousins,27124,8,2016,2,29,59
360,Tyrone Wallace,27397,23,2016,2,30,60
361,Karl-Anthony Towns,35836,27,2015,1,1,1
362,D'Angelo Russell,38468,17,2015,1,2,2
363,Jahlil Okafor,38635,21,2015,1,3,3
364,Kristaps Porzingis,0,15,2015,1,4,4
365,Mario Hezonja,0,5,2015,1,5,5
366,Willie Cauley-Stein,24136,8,2015,1,6,6
367,Emmanuel Mudiay,0,19,2015,1,7,7
368,Stanley Johnson,34150,1,2015,1,8,8
369,Frank Kaminsky,21292,10,2015,1,9,9
370,Justise Winslow,38640,30,2015,1,10,10
371,Myles Turner,37036,12,2015,1,11,11
372,Trey Lyles,35837,23,2015,1,12,12
373,Devin Booker,37613,22,2015,1,13,13
374,Cameron Payne,29428,6,2015,1,14,14
375,Kelly Oubre Jr.,0,16,2015,1,15,15
376,Terry Rozier,29506,26,2015,1,16,16
377,Rashad Vaughn,37215,24,2015,1,17,17
378,Sam Dekker,25362,2,2015,1,18,18
379,Jerian Grant,23810,13,2015,1,19,19
380,Delon Wright,31100,4,2015,1,20,20
381,Justin Anderson,28488,29,2015,1,21,21
382,Bobby Portis,29460,25,2015,1,22,22
383,Rondae Hollis-Jefferson,29198,28,2015,1,23,23
384,Tyus Jones,37730,3,2015,1,24,24
385,Jarell Martin,28739,14,2015,1,25,25
386,Nikola Milutinov,0,11,2015,1,26,26
387,Larry Nance Jr.,20039,17,2015,1,27,27
388,RJ Hunter,0,26,2015,1,28,28
389,Chris McCullough,35808,20,2015,1,29,29
390,Kevon Looney,36883,7,2015,1,30,30
391,Cedi Osman,0,27,2015,2,1,31
392,Montrezl Harrell,26468,2,2015,2,2,32
393,Jordan Mickey,28749,26,2015,2,3,33
394,Anthony Brown,9,17,2015,2,4,34
395,Willy Hernangomez,0,21,2015,2,5,35
396,Rakeem Christmas,23200,27,2015,2,6,36
397,Richaun Holmes,26987,21,2015,2,7,37
398,Darrun Hilliard,21234,1,2015,2,8,38
399,Juan Pablo Vaulet,0,10,2015,2,9,39
400,Josh Richardson,20063,30,2015,2,10,40
401,Pat Connaughton,19805,20,2015,2,11,41
402,Olivier Hanlan,25499,23,2015,2,12,42
403,Joe Young,0,12,2015,2,13,43
404,Andrew Harrison,28730,22,2015,2,14,44
405,Marcus Thornton,3395,26,2015,2,15,45
406,Norman Powell,22006,24,2015,2,16,46
407,Arturas Gudaitis,0,21,2015,2,17,47
408,Dakari Johnson,29049,6,2015,2,18,48
409,Aaron White,22631,13,2015,2,19,49
410,Marcus Eriksson,0,16,2015,2,20,50
411,Tyler Harvey,25418,5,2015,2,21,51
412,Satnam Singh,0,29,2015,2,22,52
413,Sir'Dominic Pointer,22208,3,2015,2,23,53
414,Daniel Diez,0,23,2015,2,24,54
415,Cady Lalanne,20635,11,2015,2,25,55
416,Branden Dawson,23692,9,2015,2,26,56
417,Nikola Radicevic,0,19,2015,2,27,57
418,JP Tokoto,0,21,2015,2,28,58
419,Dimitrios Agravanis,0,16,2015,2,29,59
420,Luka Mitrovic,0,21,2015,2,30,60
421,Andrew Wiggins,31626,3,2014,1,1,1
422,Jabari Parker,32063,24,2014,1,2,2
423,Joel Embiid,31621,21,2014,1,3,3
424,Aaron Gordon,29525,5,2014,1,4,4
425,Dante Exum,0,23,2014,1,5,5
426,Marcus Smart,24959,26,2014,1,6,6
427,Julius Randle,29051,17,2014,1,7,7
428,Nik Stauskas,28098,8,2014,1,8,8
429,Noah Vonleh,29985,10,2014,1,9,9
430,Elfrid Payton,23685,21,2014,1,10,10
431,Doug McDermott,14955,19,2014,1,11,11
432,Dario Saric,0,5,2014,1,12,12
433,Zach LaVine,31114,27,2014,1,13,13
434,T.J. Warren,26777,22,2014,1,14,14
435,Adreian Payne,16825,16,2014,1,15,15
436,Jusuf Nurkic,0,25,2014,1,16,16
437,James Young,28736,26,2014,1,17,17
438,Tyler Ennis,32691,22,2014,1,18,18
439,Gary Harris,26989,25,2014,1,19,19
440,Bruno Caboclo,0,4,2014,1,20,20
441,Mitch McGary,28103,6,2014,1,21,21
442,Jordan Adams,25494,14,2014,1,22,22
443,Rodney Hood,19693,23,2014,1,23,23
444,Shabazz Napier,18516,10,2014,1,24,24
445,Clint Capela,0,2,2014,1,25,25
446,PJ Hairston,0,30,2014,1,26,26
447,Bogdan Bogdanovic,0,22,2014,1,27,27
448,C.J. Wilcox,15155,18,2014,1,28,28
449,Josh Huestis,18382,6,2014,1,29,29
450,Kyle Anderson,21469,11,2014,1,30,30
451,Damien Inglis,0,24,2014,2,1,31
452,KJ McDaniels,0,21,2014,2,2,32
453,Joe Harris,17280,3,2014,2,3,33
454,Cleanthony Early,26859,15,2014,2,4,34
455,Jarnell Stokes,23999,23,2014,2,5,35
456,Johnny O'Bryant III,21315,24,2014,2,6,36
457,DeAndre Daniels,25301,4,2014,2,7,37
458,Spencer Dinwiddie,19806,1,2014,2,8,38
459,Jerami Grant,25897,21,2014,2,9,39
460,Glenn Robinson III,28109,27,2014,2,10,40
461,Nikola Jokic,0,19,2014,2,11,41
462,Nick Johnson,21067,2,2014,2,12,42
463,Edy Tavares,0,16,2014,2,13,43
464,Markel Brown,18415,27,2014,2,14,44
465,Dwight Powell,17946,10,2014,2,15,45
466,Jordan Clarkson,15896,13,2014,2,16,46
467,Russ Smith,18729,21,2014,2,17,47
468,Lamar Patterson,18530,24,2014,2,18,48
469,Cameron Bairstow,19393,25,2014,2,19,49
470,Alec Brown,19005,22,2014,2,20,50
471,Thanasis Antetokounmpo,0,15,2014,2,21,51
472,Vasilije Micic,0,21,2014,2,22,52
473,Alessandro Gentile,0,27,2014,2,23,53
474,Nemanja Dangubic,0,21,2014,2,24,54
475,Semaj Christon,27129,30,2014,2,25,55
476,Devyn Marble,0,19,2014,2,26,56
477,Louis Labeyrie,0,12,2014,2,27,57
478,Jordan McRae,16656,11,2014,2,28,58
479,Xavier Thames,21860,4,2014,2,29,59
480,Cory Jefferson,22196,11,2014,2,30,60
481,Anthony Bennett,25132,3,2013,1,1,1
482,Victor Oladipo,18513,5,2013,1,2,2
483,Otto Porter Jr.,0,13,2013,1,3,3
484,Cody Zeller,24010,31,2013,1,4,4
485,Alex Len,19499,22,2013,1,5,5
486,Nerlens Noel,26923,9,2013,1,6,6
487,Ben McLemore,24760,8,2013,1,7,7
488,Kentavious Caldwell-Pope,21152,1,2013,1,8,8
489,Trey Burke,21380,27,2013,1,9,9
490,CJ McCollum,0,28,2013,1,10,10
491,Michael Carter-Williams,23112,21,2013,1,11,11
492,Steven Adams,26892,6,2013,1,12,12
493,Kelly Olynyk,11882,29,2013,1,13,13
494,Shabazz Muhammad,26310,23,2013,1,14,14
495,Giannis Antetokounmpo,0,24,2013,1,15,15
496,Lucas Nogueira,0,26,2013,1,16,16
497,Dennis Schroder,0,16,2013,1,17,17
498,Shane Larkin,20694,16,2013,1,18,18
499,Sergey Karasev,0,3,2013,1,19,19
500,Tony Snell,19313,25,2013,1,20,20
501,Gorgui Dieng,18642,23,2013,1,21,21
502,Mason Plumlee,12278,20,2013,1,22,22
503,Solomon Hill,11698,12,2013,1,23,23
504,Tim Hardaway Jr.,0,15,2013,1,24,24
505,Reggie Bullock,16384,18,2013,1,25,25
506,Andre Roberson,17361,27,2013,1,26,26
507,Rudy Gobert,0,19,2013,1,27,27
508,Livio Jean-Charles,0,11,2013,1,28,28
509,Archie Goodwin,27246,6,2013,1,29,29
510,Nemanja Nedovic,0,22,2013,1,30,30
511,Allen Crabbe,18663,3,2013,2,1,31
512,Alex Abrines,0,6,2013,2,2,32
513,Carrick Felix,18207,3,2013,2,3,33
514,Isaiah Canaan,14625,2,2013,2,4,34
515,Glen Rice,10728,21,2013,2,5,35
516,Ray McCallum,17384,8,2013,2,6,36
517,Tony Mitchell,14402,1,2013,2,7,37
518,Nate Wolters,12007,13,2013,2,8,38
519,Jeff Withey,10238,28,2013,2,9,39
520,Grant Jerrett,26323,28,2013,2,10,40
521,Jamaal Franklin,16788,14,2013,2,11,41
522,Pierre Jackson,23090,21,2013,2,12,42
523,Ricky Ledo,0,24,2013,2,13,43
524,Mike Muscala,14685,29,2013,2,14,44
525,Marko Todorovic,0,28,2013,2,15,45
526,Erick Green,13728,23,2013,2,16,46
527,Raul Neto,0,16,2013,2,17,47
528,Ryan Kelly,14133,17,2013,2,18,48
529,Erik Murphy,13540,25,2013,2,19,49
530,James Ennis III,0,16,2013,2,20,50
531,Romero Osby,20669,5,2013,2,21,51
532,Lorenzo Brown,17642,27,2013,2,22,52
533,Colton Iverson,28225,12,2013,2,23,53
534,Arsalan Kazemi,25005,13,2013,2,24,54
535,Joffrey Lauvergne,0,14,2013,2,25,55
536,Peyton Siva,13289,1,2013,2,26,56
537,Alex Oriakhi,14117,22,2013,2,27,57
538,Deshaun Thomas,18055,11,2013,2,28,58
539,Bojan Dubljevic,0,27,2013,2,29,59
540,Janis Timma,0,14,2013,2,30,60
541,Anthony Davis,22364,32,2012,1,1,1
542,Michael Kidd-Gilchrist,22362,31,2012,1,2,2
543,Bradley Beal,22042,13,2012,1,3,3
544,Dion Waiters,14983,3,2012,1,4,4
545,Thomas Robinson,14520,8,2012,1,5,5
546,Damian Lillard,4509,28,2012,1,6,6
547,Harrison Barnes,18910,7,2012,1,7,7
548,Terrence Ross,18838,4,2012,1,8,8
549,Andre Drummond,20311,1,2012,1,9,9
550,Austin Rivers,21892,32,2012,1,10,10
551,Meyers Leonard,17125,28,2012,1,11,11
552,Jeremy Lamb,18051,2,2012,1,12,12
553,Kendall Marshall,16380,22,2012,1,13,13
554,John Henson,10202,24,2012,1,14,14
555,Maurice Harkless,0,21,2012,1,15,15
556,Royce White,22331,2,2012,1,16,16
557,Tyler Zeller,6927,29,2012,1,17,17
558,Terrence Jones,15374,2,2012,1,18,18
559,Andrew Nicholson,8064,5,2012,1,19,19
560,Evan Fournier,0,19,2012,1,20,20
561,Jared Sullinger,18035,26,2012,1,21,21
562,Fab Melo,14982,26,2012,1,22,22
563,John Jenkins,11858,16,2012,1,23,23
564,Jared Cunningham,13618,3,2012,1,24,24
565,Tony Wroten,21082,14,2012,1,25,25
566,Miles Plumlee,8402,12,2012,1,26,26
567,Arnett Moultrie,21025,30,2012,1,27,27
568,Perry Jones III,18374,6,2012,1,28,28
569,Marquis Teague,22365,25,2012,1,29,29
570,Festus Ezeli,4250,7,2012,1,30,30
571,Jeffery Taylor,8208,31,2012,2,1,31
572,Tomas Satoransky,0,13,2012,2,2,32
573,Bernard James,17913,3,2012,2,3,33
574,Jae Crowder,15568,3,2012,2,4,34
575,Draymond Green,8827,7,2012,2,5,35
576,Orlando Johnson,10632,8,2012,2,6,36
577,Quincy Acy,9007,4,2012,2,7,37
578,Quincy Miller,22556,19,2012,2,8,38
579,Khris Middleton,12631,1,2012,2,9,39
580,Will Barton,19014,28,2012,2,10,40
581,Tyshawn Taylor,0,28,2012,2,11,41
582,Doron Lamb,15371,24,2012,2,12,42
583,Mike Scott,2530,16,2012,2,13,43
584,Kim English,9696,1,2012,2,14,44
585,Justin Hamilton,5176,21,2012,2,15,45
586,Darius Miller,7229,32,2012,2,16,46
587,Kevin Murphy,4375,23,2012,2,17,47
588,Kostas Papanikolaou,0,15,2012,2,18,48
589,Kyle O'Quinn,8774,5,2012,2,19,49
590,Izzet Turkyilmaz,0,19,2012,2,20,50
591,Kris Joseph,4748,26,2012,2,21,51
592,Ognjen Kuzmic,0,7,2012,2,22,52
593,Furkan Aldemir,0,18,2012,2,23,53
594,Tornike Shengelia,0,21,2012,2,24,54
595,Darius Johnson-Odom,10809,29,2012,2,25,55
596,Tomislav Zubcic,0,4,2012,2,26,56
597,Ilkan Karaman,0,20,2012,2,27,57
598,Robbie Hummel,0,27,2012,2,28,58
599,Marcus Denmon,5174,11,2012,2,29,59
600,Robert Sacre,2747,17,2012,2,30,60
601,Kyrie Irving,18579,3,2011,1,1,1
602,Derrick Williams,12660,27,2011,1,2,2
603,Enes Kanter,0,23,2011,1,3,3
604,Tristan Thompson,3367,3,2011,1,4,4
605,Jonas Valanciunas,0,4,2011,1,5,5
606,Jan Vesely,0,13,2011,1,6,6
607,Bismack Biyombo,0,8,2011,1,7,7
608,Brandon Knight,18154,1,2011,1,8,8
609,Kemba Walker,9075,31,2011,1,9,9
610,Jimmer Fredette,3137,24,2011,1,10,10
611,Klay Thompson,8716,7,2011,1,11,11
612,Alec Burks,14778,23,2011,1,12,12
613,Markieff Morris,4369,22,2011,1,13,13
614,Marcus Morris Sr.,0,2,2011,1,14,14
615,Kawhi Leonard,13395,12,2011,1,15,15
616,Nikola Vucevic,5408,21,2011,1,16,16
617,Iman Shumpert,7189,15,2011,1,17,17
618,Chris Singleton,7190,13,2011,1,18,18
619,Tobias Harris,16657,31,2011,1,19,19
620,Donatas Motiejunas,0,27,2011,1,20,20
621,Nolan Smith,198,28,2011,1,21,21
622,Kenneth Faried,1626,19,2011,1,22,22
623,Nikola Mirotic,0,2,2011,1,23,23
624,Reggie Jackson,6923,6,2011,1,24,24
625,MarShon Brooks,14026,26,2011,1,25,25
626,Jordan Hamilton,7755,29,2011,1,26,26
627,JaJuan Johnson,203,33,2011,1,27,27
628,Norris Cole,4149,25,2011,1,28,28
629,Cory Joseph,16073,11,2011,1,29,29
630,Jimmy Butler,9284,25,2011,1,30,30
631,Bojan Bogdanovic,0,30,2011,2,1,31
632,Justin Harper,3094,3,2011,2,2,32
633,Kyle Singler,197,1,2011,2,3,33
634,Shelvin Mack,6698,13,2011,2,4,34
635,Tyler Honeycutt,11221,8,2011,2,5,35
636,Jordan Williams,12373,33,2011,2,6,36
637,Trey Thompkins,8201,18,2011,2,7,37
638,Chandler Parsons,2243,2,2011,2,8,38
639,Jeremy Tyler,0,31,2011,2,9,39
640,Jon Leuer,1932,24,2011,2,10,40
641,Darius Morris,14768,17,2011,2,11,41
642,Davis Bertans,0,12,2011,2,12,42
643,Malcolm Lee,5037,25,2011,2,13,43
644,Charles Jenkins,57,7,2011,2,14,44
645,Josh Harrellson,7227,32,2011,2,15,45
646,Andrew Goudelock,3120,17,2011,2,16,46
647,Travis Leslie,8206,18,2011,2,17,47
648,Keith Benson,2763,16,2011,2,18,48
649,Josh Selby,15108,14,2011,2,19,49
650,Lavoy Allen,1089,21,2011,2,20,50
651,Jon Diebler,1926,28,2011,2,21,51
652,Vernon Macklin,91,1,2011,2,22,52
653,DeAndre Liggins,7228,5,2011,2,23,53
654,MIlan Macvan,0,3,2011,2,24,54
655,E'Twaun Moore,201,26,2011,2,25,55
656,Chukwudiebere Maduabum,0,17,2011,2,26,56
657,Tanguy Ngombo,0,29,2011,2,27,57
658,Ater Majok,14121,17,2011,2,28,58
659,Adam Hanga,0,11,2011,2,29,59
660,Isaiah Thomas,8712,8,2011,2,30,60
661,John Wall,12637,13,2010,1,1,1
662,Evan Turner,1929,21,2010,1,2,2
663,Derrick Favors,10724,33,2010,1,3,3
664,Wesley Johnson,35730,27,2010,1,4,4
665,DeMarcus Cousins,13656,8,2010,1,5,5
666,Ekpe Udoh,2610,7,2010,1,6,6
667,Greg Monroe,5531,1,2010,1,7,7
668,Al-Farouq Aminu,5612,18,2010,1,8,8
669,Gordon Hayward,6696,23,2010,1,9,9
670,Paul George,5903,12,2010,1,10,10
671,Cole Aldrich,763,32,2010,1,11,11
672,Xavier Henry,10527,14,2010,1,12,12
673,Ed Davis,6808,4,2010,1,13,13
674,Patrick Patterson,3715,2,2010,1,14,14
675,Larry Sanders,3246,24,2010,1,15,15
676,Luke Babbitt,6121,27,2010,1,16,16
677,Kevin Seraphin,0,25,2010,1,17,17
678,Eric Bledsoe,12621,6,2010,1,18,18
679,Avery Bradley,12555,26,2010,1,19,19
680,James Anderson,2812,11,2010,1,20,20
681,Craig Brackins,3689,6,2010,1,21,21
682,Elliot Williams,11987,28,2010,1,22,22
683,Trevor Booker,2429,27,2010,1,23,23
684,Damion James,825,16,2010,1,24,24
685,Dominique Jones,2231,14,2010,1,25,25
686,Quincy Pondexter,3829,6,2010,1,26,26
687,Jordan Crawford,1345,33,2010,1,27,27
688,Greivis Vasquez,465,14,2010,1,28,28
689,Daniel Orton,12620,5,2010,1,29,29
690,Lazar Hayward,1257,13,2010,1,30,30
691,Tibor Pleiss,0,33,2010,2,1,31
692,Dexter Pittman,827,30,2010,2,2,32
693,Hassan Whiteside,11351,8,2010,2,3,33
694,Armon Johnson,4048,28,2010,2,4,34
695,Nemanja Bjelica,0,13,2010,2,5,35
696,Terrico White,5069,1,2010,2,6,36
697,Darington Hobson,11344,24,2010,2,7,37
698,Andy Rautins,10094,15,2010,2,8,38
699,Landry Fields,1416,15,2010,2,9,39
700,Lance Stephenson,13349,12,2010,2,10,40
701,Jarvis Varnado,3685,30,2010,2,11,41
702,Da'Sean Butler,3069,30,2010,2,12,42
703,Devin Ebanks,9704,17,2010,2,13,43
704,Jerome Jordan,11309,24,2010,2,14,44
705,Paulao Prestes,0,27,2010,2,15,45
706,Gani Lawal,3459,22,2010,2,16,46
707,Tiny Gallon,11036,24,2010,2,17,47
708,Latavious Williams,0,30,2010,2,18,48
709,Ryan Richards,0,11,2010,2,19,49
710,Solomon Alabi,1924,29,2010,2,20,50
711,Magnum Rolle,4861,6,2010,2,21,51
712,Luke Harangody,3225,26,2010,2,22,52
713,Pape Sy,0,16,2010,2,23,53
714,Willie Warren,7409,18,2010,2,24,54
715,Jeremy Evans,331,23,2010,2,25,55
716,Hamady Ndiaye,13308,27,2010,2,26,56
717,Ryan Reid,193,12,2010,2,27,57
718,Derrick Caracter,359,17,2010,2,28,58
719,Stanley Robinson,1137,5,2010,2,29,59
720,Dwayne Collins,2387,22,2010,2,30,60
721,Blake Griffin,2804,18,2009,1,1,1
722,Hasheem Thabeet,2709,14,2009,1,2,2
723,James Harden,3638,6,2009,1,3,3
724,Tyreke Evans,9524,8,2009,1,4,4
725,Ricky Rubio,0,27,2009,1,5,5
726,Jonny Flynn,2115,27,2009,1,6,6
727,Stephen Curry,1827,7,2009,1,7,7
728,Jordan Hill,215,15,2009,1,8,8
729,DeMar DeRozan,5417,4,2009,1,9,9
730,Brandon Jennings,0,24,2009,1,10,10
731,Terrence Williams,2178,33,2009,1,11,11
732,Gerald Henderson,2016,31,2009,1,12,12
733,Tyler Hansbrough,895,12,2009,1,13,13
734,Earl Clark,365,22,2009,1,14,14
735,Austin Daye,2742,1,2009,1,15,15
736,James Johnson,1634,25,2009,1,16,16
737,Jrue Holiday,5415,21,2009,1,17,17
738,Ty Lawson,2335,27,2009,1,18,18
739,Jeff Teague,1633,16,2009,1,19,19
740,Eric Maynor,295,23,2009,1,20,20
741,Darren Collison,2332,32,2009,1,21,21
742,Victor Claver,0,28,2009,1,22,22
743,Omri Casspi,0,8,2009,1,23,23
744,Byron Mullens,50000,29,2009,1,24,24
745,Rodrigue Beaubois,0,6,2009,1,25,25
746,Taj Gibson,1132,25,2009,1,26,26
747,DeMarre Carroll,2446,14,2009,1,27,27
748,Wayne Ellington,2343,27,2009,1,28,28
749,Toney Douglas,3607,17,2009,1,29,29
750,Christian Eyenga,0,3,2009,1,30,30
751,Jeff Ayres,49752,8,2009,2,1,31
752,Jermaine Taylor,495,13,2009,2,2,32
753,Dante Cunningham,448,28,2009,2,3,33
754,Sergio Llull,0,19,2009,2,4,34
755,DaJuan Summers,1575,1,2009,2,5,35
756,Sam Young,2503,14,2009,2,6,36
757,DeJuan Blair,1313,11,2009,2,7,37
758,Jon Brockman,2266,28,2009,2,8,38
759,Jonas Jerebko,0,1,2009,2,9,39
760,Derrick Brown,709,31,2009,2,10,40
761,Jodie Meeks,3812,24,2009,2,11,41
762,Patrick Beverley,0,17,2009,2,12,42
763,Marcus Thornton,3395,30,2009,2,13,43
764,Chase Budinger,217,1,2009,2,14,44
765,Nick Calathes,3427,27,2009,2,15,45
766,Danny Green,900,3,2009,2,16,46
767,Henk Norel,0,27,2009,2,17,47
768,Taylor Griffin,3787,22,2009,2,18,48
769,Sergiy Gladyr,0,16,2009,2,19,49
770,Goran Suton,603,23,2009,2,20,50
771,Jack McClinton,1188,11,2009,2,21,51
772,AJ Price,0,12,2009,2,22,52
773,Nando De Colo,0,11,2009,2,23,53
774,Robert Vaden,2073,31,2009,2,24,54
775,Patty Mills,49733,28,2009,2,25,55
776,Ahmad Nivins,3344,29,2009,2,26,56
777,Emir Preldzic,0,22,2009,2,27,57
778,Lester Hudson,1026,26,2009,2,28,58
779,Chinemelu Elonu,1103,17,2009,2,29,59
780,Robert Dozier,2746,30,2009,2,30,60
