Player,Team,Year,Round_Number,Round_Pick,Overall_Pick
Cade Cunningham,Detroit Pistons,2021,1,1,1
Jalen Green,Houston Rockets,2021,1,2,2
Evan Mobley,Cleveland Cavaliers,2021,1,3,3
Scottie Barnes,Toronto Raptors,2021,1,4,4
Jalen Suggs,Orlando Magic,2021,1,5,5
Josh Giddey,Oklahoma City Thunder,2021,1,6,6
Jonathan Kuminga,Golden State Warriors,2021,1,7,7
Franz Wagner,Orlando Magic,2021,1,8,8
Davion Mitchell,Sacramento Kings,2021,1,9,9
Ziaire Williams,New Orleans Pelicans,2021,1,10,10
James Bouknight,Charlotte Hornets,2021,1,11,11
Joshua Primo,San Antonio Spurs,2021,1,12,12
Chris Duarte,Indiana Pacers,2021,1,13,13
Moses Moody,Golden State Warriors,2021,1,14,14
Corey Kispert,Washington Wizards,2021,1,15,15
Alperen Sengun,Oklahoma City Thunder,2021,1,16,16
Trey Murphy III,Memphis Grizzlies,2021,1,17,17
Tre Mann,Oklahoma City Thunder,2021,1,18,18
Kai Jones,New York Knicks,2021,1,19,19
Jalen Johnson,Atlanta Hawks,2021,1,20,20
Keon Johnson,New York Knicks,2021,1,21,21
Isaiah Jackson,Los Angeles Lakers,2021,1,22,22
Usman Garuba,Houston Rockets,2021,1,23,23
Josh Christopher,Houston Rockets,2021,1,24,24
Quentin Grimes,Los Angeles Clippers,2021,1,25,25
Bones Hyland,Denver Nuggets,2021,1,26,26
Cam Thomas,Brooklyn Nets,2021,1,27,27
Jaden Springer,Philadelphia 76ers,2021,1,28,28
Day'Ron Sharpe,Phoenix Suns,2021,1,29,29
Santi Aldama,Utah Jazz,2021,1,30,30
Isaiah Todd,Milwaukee Bucks,2021,2,1,31
Jeremiah Robinson-Earl,New York Knicks,2021,2,2,32
Jason Preston,Orlando Magic,2021,2,3,33
Rokas Jokubaitis,Oklahoma City Thunder,2021,2,4,34
Herbert Jones,New Orleans Pelicans,2021,2,5,35
Miles McBride,Oklahoma City Thunder,2021,2,6,36
JT Thor,Detroit Pistons,2021,2,7,37
Ayo Dosunmu,Chicago Bulls,2021,2,8,38
Neemias Queta,Sacramento Kings,2021,2,9,39
Jared Butler,Sacramento Kings,2021,2,10,40
Joe Wieskamp,San Antonio Spurs,2021,2,11,41
Isaiah Livers,Detroit Pistons,2021,2,12,42
Greg Brown III,New Orleans Pelicans,2021,2,13,43
Kessler Edwards,Brooklyn Nets,2021,2,14,44
Juhann Begarin,Boston Celtics,2021,2,15,45
Dalano Banton,Toronto Raptors,2021,2,16,46
David Johnson,Toronto Raptors,2021,2,17,47
Sharife Cooper,Atlanta Hawks,2021,2,18,48
Marcus Zegarowski,Brooklyn Nets,2021,2,19,49
Filip Petrusev,Philadelphia 76ers,2021,2,20,50
Brandon Boston Jr.,Memphis Grizzlies,2021,2,21,51
Luka Garza,Detroit Pistons,2021,2,22,52
Charles Bassey,Philadelphia 76ers,2021,2,23,53
Sandro Mamukelashvili,Indiana Pacers,2021,2,24,54
Aaron Wiggins,Oklahoma City Thunder,2021,2,25,55
Scottie Lewis,Charlotte Hornets,2021,2,26,56
Balsa Koprivica,Charlotte Hornets,2021,2,27,57
Jericho Sims,New York Knicks,2021,2,28,58
RaiQuan Gray,Brooklyn Nets,2021,2,29,59
Georgios Kalaitzakis,Indiana Pacers,2021,2,30,60
Anthony Edwards,Minnesota Timberwolves,2020,1,1,1
James Wiseman,Golden State Warriors,2020,1,2,2
LaMelo Ball,Charlotte Hornets,2020,1,3,3
Patrick Williams,Chicago Bulls,2020,1,4,4
Isaac Okoro,Cleveland Cavaliers,2020,1,5,5
Onyeka Okongwu,Atlanta Hawks,2020,1,6,6
Killian Hayes,Detroit Pistons,2020,1,7,7
Obi Toppin,New York Knicks,2020,1,8,8
Deni Avdija,Washington Wizards,2020,1,9,9
Jalen Smith,Phoenix Suns,2020,1,10,10
Devin Vassell,San Antonio Spurs,2020,1,11,11
Tyrese Haliburton,Sacramento Kings,2020,1,12,12
Kira Lewis Jr.,New Orleans Pelicans,2020,1,13,13
Aaron Nesmith,Boston Celtics,2020,1,14,14
Cole Anthony,Orlando Magic,2020,1,15,15
Isaiah Stewart,Portland Trail Blazers,2020,1,16,16
Aleksej Pokusevski,Minnesota Timberwolves,2020,1,17,17
Josh Green,Dallas Mavericks,2020,1,18,18
Saddiq Bey,Brooklyn Nets,2020,1,19,19
Precious Achiuwa,Miami Heat,2020,1,20,20
Tyrese Maxey,Philadelphia 76ers,2020,1,21,21
Zeke Nnaji,Denver Nuggets,2020,1,22,22
Leandro Bolmaro,New York Knicks,2020,1,23,23
R.J. Hampton,Milwaukee Bucks,2020,1,24,24
Immanuel Quickley,Oklahoma City Thunder,2020,1,25,25
Payton Pritchard,Boston Celtics,2020,1,26,26
Udoka Azubuike,Utah Jazz,2020,1,27,27
Jaden McDaniels,Los Angeles Lakers,2020,1,28,28
Malachi Flynn,Toronto Raptors,2020,1,29,29
Desmond Bane,Boston Celtics,2020,1,30,30
Tyrell Terry,Dallas Mavericks,2020,2,1,31
Vernon Carey Jr.,Charlotte Hornets,2020,2,2,32
Daniel Oturu,Minnesota Timberwolves,2020,2,3,33
Theo Maledon,Philadelphia 76ers,2020,2,4,34
Xavier Tillman Sr.,Sacramento Kings,2020,2,5,35
Tyler Bey,Philadelphia 76ers,2020,2,6,36
Vit Krejci,Washington Wizards,2020,2,7,37
Saben Lee,Utah Jazz,2020,2,8,38
Elijah Hughes,New Orleans Pelicans,2020,2,9,39
Robert Woodard II,Memphis Grizzlies,2020,2,10,40
Tre Jones,San Antonio Spurs,2020,2,11,41
Nick Richards,New Orleans Pelicans,2020,2,12,42
Jahmi'us Ramsey,Sacramento Kings,2020,2,13,43
Marko Simonovic,Chicago Bulls,2020,2,14,44
Jordan Nwora,Milwaukee Bucks,2020,2,15,45
CJ Elleby,Portland Trail Blazers,2020,2,16,46
Yam Madar,Boston Celtics,2020,2,17,47
Nico Mannion,Golden State Warriors,2020,2,18,48
Isaiah Joe,Philadelphia 76ers,2020,2,19,49
Skylar Mays,Atlanta Hawks,2020,2,20,50
Justinian Jessup,Golden State Warriors,2020,2,21,51
Kenyon Martin Jr.,Sacramento Kings,2020,2,22,52
Cassius Winston,Oklahoma City Thunder,2020,2,23,53
Cassius Stanley,Indiana Pacers,2020,2,24,54
Jay Scrubb,Brooklyn Nets,2020,2,25,55
Grant Riller,Charlotte Hornets,2020,2,26,56
Reggie Perry,Los Angeles Clippers,2020,2,27,57
Paul Reed,Philadelphia 76ers,2020,2,28,58
Jalen Harris,Toronto Raptors,2020,2,29,59
Sam Merrill,New Orleans Pelicans,2020,2,30,60
Zion Williamson,New Orleans Pelicans,2019,1,1,1
Ja Morant,Memphis Grizzlies,2019,1,2,2
RJ Barrett,New York Knicks,2019,1,3,3
De'Andre Hunter,Los Angeles Lakers,2019,1,4,4
Darius Garland,Cleveland Cavaliers,2019,1,5,5
Jarrett Culver,Phoenix Suns,2019,1,6,6
Coby White,Chicago Bulls,2019,1,7,7
Jaxson Hayes,Atlanta Hawks,2019,1,8,8
Rui Hachimura,Washington Wizards,2019,1,9,9
Cam Reddish,Atlanta Hawks,2019,1,10,10
Cameron Johnson,Minnesota Timberwolves,2019,1,11,11
P.J. Washington,Charlotte Hornets,2019,1,12,12
Tyler Herro,Miami Heat,2019,1,13,13
Romeo Langford,Boston Celtics,2019,1,14,14
Sekou Doumbouya,Detroit Pistons,2019,1,15,15
Chuma Okeke,Orlando Magic,2019,1,16,16
Nickeil Alexander-Walker,Brooklyn Nets,2019,1,17,17
Goga Bitadze,Indiana Pacers,2019,1,18,18
Luka Samanic,San Antonio Spurs,2019,1,19,19
Matisse Thybulle,Boston Celtics,2019,1,20,20
Brandon Clarke,Oklahoma City Thunder,2019,1,21,21
Grant Williams,Boston Celtics,2019,1,22,22
Darius Bazley,Utah Jazz,2019,1,23,23
Ty Jerome,Philadelphia 76ers,2019,1,24,24
Nassir Little,Portland Trail Blazers,2019,1,25,25
Dylan Windler,Cleveland Cavaliers,2019,1,26,26
Mfiondu Kabengele,Brooklyn Nets,2019,1,27,27
Jordan Poole,Golden State Warriors,2019,1,28,28
Keldon Johnson,San Antonio Spurs,2019,1,29,29
Kevin Porter Jr.,Milwaukee Bucks,2019,1,30,30
Nic Claxton,Brooklyn Nets,2019,2,1,31
KZ Okpala,Phoenix Suns,2019,2,2,32
Carsen Edwards,Philadelphia 76ers,2019,2,3,33
Bruno Fernando,Philadelphia 76ers,2019,2,4,34
Didi Louzada,Atlanta Hawks,2019,2,5,35
Cody Martin,Charlotte Hornets,2019,2,6,36
Deividas Sirvydis,Dallas Mavericks,2019,2,7,37
Daniel Gafford,Chicago Bulls,2019,2,8,38
Alen Smailagic,New Orleans Pelicans,2019,2,9,39
Justin James,Sacramento Kings,2019,2,10,40
Eric Paschall,Golden State Warriors,2019,2,11,41
Admiral Schofield,Philadelphia 76ers,2019,2,12,42
Jaylen Nowell,Minnesota Timberwolves,2019,2,13,43
Bol Bol,Miami Heat,2019,2,14,44
Isaiah Roby,Detroit Pistons,2019,2,15,45
Talen Horton-Tucker,Orlando Magic,2019,2,16,46
Ignas Brazdeikis,Sacramento Kings,2019,2,17,47
Terance Mann,Los Angeles Clippers,2019,2,18,48
Quinndary Weatherspoon,San Antonio Spurs,2019,2,19,49
Jarrell Brantley,Indiana Pacers,2019,2,20,50
Tremont Waters,Boston Celtics,2019,2,21,51
Jalen McDaniels,Charlotte Hornets,2019,2,22,52
Justin Wright-Foreman,Utah Jazz,2019,2,23,53
Marial Shayok,Philadelphia 76ers,2019,2,24,54
Kyle Guy,New York Knicks,2019,2,25,55
Jaylen Hands,Los Angeles Clippers,2019,2,26,56
Jordan Bone,New Orleans Pelicans,2019,2,27,57
Miye Oni,Golden State Warriors,2019,2,28,58
Dewan Hernandez,Toronto Raptors,2019,2,29,59
Vanja Marinkovic,Sacramento Kings,2019,2,30,60
Deandre Ayton,Phoenix Suns,2018,1,1,1
Marvin Bagley III,Sacramento Kings,2018,1,2,2
Luka Doncic,Atlanta Hawks,2018,1,3,3
Jaren Jackson Jr.,Memphis Grizzlies,2018,1,4,4
Trae Young,Dallas Mavericks,2018,1,5,5
Mo Bamba,Orlando Magic,2018,1,6,6
Wendell Carter Jr.,Chicago Bulls,2018,1,7,7
Collin Sexton,Cleveland Cavaliers,2018,1,8,8
Kevin Knox II,New York Knicks,2018,1,9,9
Mikal Bridges,Philadelphia 76ers,2018,1,10,10
Shai Gilgeous-Alexander,Charlotte Hornets,2018,1,11,11
Miles Bridges,Los Angeles Clippers,2018,1,12,12
Jerome Robinson,Los Angeles Clippers,2018,1,13,13
Michael Porter Jr.,Denver Nuggets,2018,1,14,14
Troy Brown Jr.,Washington Wizards,2018,1,15,15
Zhaire Smith,Phoenix Suns,2018,1,16,16
Donte DiVincenzo,Milwaukee Bucks,2018,1,17,17
Lonnie Walker IV,San Antonio Spurs,2018,1,18,18
Kevin Huerter,Atlanta Hawks,2018,1,19,19
Josh Okogie,Minnesota Timberwolves,2018,1,20,20
Grayson Allen,Utah Jazz,2018,1,21,21
Chandler Hutchison,Chicago Bulls,2018,1,22,22
Aaron Holiday,Indiana Pacers,2018,1,23,23
Anfernee Simons,Portland Trail Blazers,2018,1,24,24
Moritz Wagner,Los Angeles Lakers,2018,1,25,25
Landry Shamet,Philadelphia 76ers,2018,1,26,26
Robert Williams III,Boston Celtics,2018,1,27,27
Jacob Evans,Golden State Warriors,2018,1,28,28
Dzanan Musa,Brooklyn Nets,2018,1,29,29
Omari Spellman,Atlanta Hawks,2018,1,30,30
Elie Okobo,Phoenix Suns,2018,2,1,31
Jevon Carter,Memphis Grizzlies,2018,2,2,32
Jalen Brunson,Dallas Mavericks,2018,2,3,33
Devonte' Graham,Atlanta Hawks,2018,2,4,34
Melvin Frazier Jr.,Orlando Magic,2018,2,5,35
Mitchell Robinson,New York Knicks,2018,2,6,36
Gary Trent Jr.,Sacramento Kings,2018,2,7,37
Khyri Thomas,Philadelphia 76ers,2018,2,8,38
Isaac Bonga,Philadelphia 76ers,2018,2,9,39
Rodions Kurucs,Brooklyn Nets,2018,2,10,40
Jarred Vanderbilt,Orlando Magic,2018,2,11,41
Bruce Brown,Detroit Pistons,2018,2,12,42
Justin Jackson,Denver Nuggets,2018,2,13,43
Issuf Sanon,Washington Wizards,2018,2,14,44
Hamidou Diallo,Brooklyn Nets,2018,2,15,45
De'Anthony Melton,Houston Rockets,2018,2,16,46
Svi Mykhailiuk,Los Angeles Lakers,2018,2,17,47
Keita Bates-Diop,Minnesota Timberwolves,2018,2,18,48
Chimezie Metu,Milwaukee Bucks,2018,2,19,49
Alize Johnson,Indiana Pacers,2018,2,20,50
Tony Carr,New Orleans Pelicans,2018,2,21,51
Vincent Edwards,Utah Jazz,2018,2,22,52
Devon Hall,Oklahoma City Thunder,2018,2,23,53
Shake Milton,Dallas Mavericks,2018,2,24,54
Arnoldas Kulboka,Charlotte Hornets,2018,2,25,55
Ray Spalding,Philadelphia 76ers,2018,2,26,56
Kevin Hervey,Oklahoma City Thunder,2018,2,27,57
Thomas Welsh,Denver Nuggets,2018,2,28,58
George King,Phoenix Suns,2018,2,29,59
Kostas Antetokounmpo,Philadelphia 76ers,2018,2,30,60
Markelle Fultz,Philadelphia 76ers,2017,1,1,1
Lonzo Ball,Los Angeles Lakers,2017,1,2,2
Jayson Tatum,Boston Celtics,2017,1,3,3
Josh Jackson,Phoenix Suns,2017,1,4,4
De'Aaron Fox,Sacramento Kings,2017,1,5,5
Jonathan Isaac,Orlando Magic,2017,1,6,6
Lauri Markkanen,Minnesota Timberwolves,2017,1,7,7
Frank Ntilikina,New York Knicks,2017,1,8,8
Dennis Smith Jr.,Dallas Mavericks,2017,1,9,9
Zach Collins,Sacramento Kings,2017,1,10,10
Malik Monk,Charlotte Hornets,2017,1,11,11
Luke Kennard,Detroit Pistons,2017,1,12,12
Donovan Mitchell,Denver Nuggets,2017,1,13,13
Bam Adebayo,Miami Heat,2017,1,14,14
Justin Jackson,Portland Trail Blazers,2017,1,15,15
Justin Patton,Chicago Bulls,2017,1,16,16
D.J. Wilson,Milwaukee Bucks,2017,1,17,17
T.J. Leaf,Indiana Pacers,2017,1,18,18
John Collins,Atlanta Hawks,2017,1,19,19
Harry Giles III,Portland Trail Blazers,2017,1,20,20
Terrance Ferguson,Oklahoma City Thunder,2017,1,21,21
Jarrett Allen,Brooklyn Nets,2017,1,22,22
OG Anunoby,Toronto Raptors,2017,1,23,23
Tyler Lydon,Utah Jazz,2017,1,24,24
Anzejs Pasecniks,Orlando Magic,2017,1,25,25
Caleb Swanigan,Portland Trail Blazers,2017,1,26,26
Kyle Kuzma,Brooklyn Nets,2017,1,27,27
Tony Bradley,Los Angeles Lakers,2017,1,28,28
Derrick White,San Antonio Spurs,2017,1,29,29
Josh Hart,Utah Jazz,2017,1,30,30
Frank Jackson,Charlotte Hornets,2017,2,1,31
Davon Reed,Phoenix Suns,2017,2,2,32
Wes Iwundu,Orlando Magic,2017,2,3,33
Frank Mason III,Sacramento Kings,2017,2,4,34
Ivan Rabb,Orlando Magic,2017,2,5,35
Jonah Bolden,Philadelphia 76ers,2017,2,6,36
Semi Ojeleye,Boston Celtics,2017,2,7,37
Jordan Bell,Chicago Bulls,2017,2,8,38
Jawun Evans,Philadelphia 76ers,2017,2,9,39
Dwayne Bacon,New Orleans Pelicans,2017,2,10,40
Tyler Dorsey,Atlanta Hawks,2017,2,11,41
Thomas Bryant,Utah Jazz,2017,2,12,42
Isaiah Hartenstein,Houston Rockets,2017,2,13,43
Damyean Dotson,New York Knicks,2017,2,14,44
Dillon Brooks,Houston Rockets,2017,2,15,45
Sterling Brown,Philadelphia 76ers,2017,2,16,46
Ike Anigbogu,Indiana Pacers,2017,2,17,47
Sindarius Thornwell,Milwaukee Bucks,2017,2,18,48
Vlatko Cancar,Denver Nuggets,2017,2,19,49
Mathias Lessort,Philadelphia 76ers,2017,2,20,50
Monte Morris,Denver Nuggets,2017,2,21,51
Edmond Sumner,New Orleans Pelicans,2017,2,22,52
Kadeem Allen,Boston Celtics,2017,2,23,53
Alec Peters,Phoenix Suns,2017,2,24,54
Nigel Williams-Goss,Utah Jazz,2017,2,25,55
Jabari Bird,Boston Celtics,2017,2,26,56
Aleksandar Vezenkov,Brooklyn Nets,2017,2,27,57
Ognjen Jaramaz,New York Knicks,2017,2,28,58
Jaron Blossomgame,San Antonio Spurs,2017,2,29,59
Alpha Kaba,Atlanta Hawks,2017,2,30,60
Ben Simmons,Philadelphia 76ers,2016,1,1,1
Brandon Ingram,Los Angeles Lakers,2016,1,2,2
Jaylen Brown,Boston Celtics,2016,1,3,3
Dragan Bender,Phoenix Suns,2016,1,4,4
Kris Dunn,Minnesota Timberwolves,2016,1,5,5
Buddy Hield,New Orleans Pelicans,2016,1,6,6
Jamal Murray,Denver Nuggets,2016,1,7,7
Marquese Chriss,Phoenix Suns,2016,1,8,8
Jakob Poeltl,Toronto Raptors,2016,1,9,9
Thon Maker,Milwaukee Bucks,2016,1,10,10
Domantas Sabonis,Oklahoma City Thunder,2016,1,11,11
Taurean Prince,Utah Jazz,2016,1,12,12
Georgios Papagiannis,Sacramento Kings,2016,1,13,13
Denzel Valentine,Chicago Bulls,2016,1,14,14
Juancho Hernangomez,Denver Nuggets,2016,1,15,15
Guerschon Yabusele,Boston Celtics,2016,1,16,16
Wade Baldwin IV,Memphis Grizzlies,2016,1,17,17
Henry Ellenson,Detroit Pistons,2016,1,18,18
Malik Beasley,Denver Nuggets,2016,1,19,19
Caris LeVert,Indiana Pacers,2016,1,20,20
DeAndre' Bembry,Atlanta Hawks,2016,1,21,21
Malachi Richardson,Charlotte Hornets,2016,1,22,22
Ante Zizic,Boston Celtics,2016,1,23,23
Timothe Luwawu-Cabarrot,Philadelphia 76ers,2016,1,24,24
Brice Johnson,Los Angeles Clippers,2016,1,25,25
Furkan Korkmaz,Philadelphia 76ers,2016,1,26,26
Pascal Siakam,Toronto Raptors,2016,1,27,27
Skal Labissiere,Sacramento Kings,2016,1,28,28
Dejounte Murray,San Antonio Spurs,2016,1,29,29
Damian Jones,Golden State Warriors,2016,1,30,30
Deyonta Davis,Boston Celtics,2016,2,1,31
Ivica Zubac,Los Angeles Lakers,2016,2,2,32
Cheick Diallo,Los Angeles Clippers,2016,2,3,33
Tyler Ulis,Phoenix Suns,2016,2,4,34
Rade Zagorac,Boston Celtics,2016,2,5,35
Malcolm Brogdon,Milwaukee Bucks,2016,2,6,36
Chinanu Onuaku,Houston Rockets,2016,2,7,37
Patrick McCaw,Golden State Warriors,2016,2,8,38
David Michineau,New Orleans Pelicans,2016,2,9,39
Diamond Stone,New Orleans Pelicans,2016,2,10,40
Stephen Zimmerman,Orlando Magic,2016,2,11,41
Isaiah Whitehead,Brooklyn Nets,2016,2,12,42
Zhou Qi,Houston Rockets,2016,2,13,43
Isaia Cordinier,Atlanta Hawks,2016,2,14,44
Demetrius Jackson,Boston Celtics,2016,2,15,45
AJ Hammons,Dallas Mavericks,2016,2,16,46
Jake Layman,Orlando Magic,2016,2,17,47
Paul Zipser,Chicago Bulls,2016,2,18,48
Michael Gbinije,Detroit Pistons,2016,2,19,49
Georges Niang,Indiana Pacers,2016,2,20,50
Ben Bentil,Boston Celtics,2016,2,21,51
Joel Bolomboy,Utah Jazz,2016,2,22,52
Petr Cornelie,Denver Nuggets,2016,2,23,53
Kay Felder,Atlanta Hawks,2016,2,24,54
Marcus Paige,Utah Jazz,2016,2,25,55
Daniel Hamilton,Denver Nuggets,2016,2,26,56
Wang Zhelin,Memphis Grizzlies,2016,2,27,57
Abdel Nader,Boston Celtics,2016,2,28,58
Isaiah Cousins,Sacramento Kings,2016,2,29,59
Tyrone Wallace,Utah Jazz,2016,2,30,60
Karl-Anthony Towns,Minnesota Timberwolves,2015,1,1,1
D'Angelo Russell,Los Angeles Lakers,2015,1,2,2
Jahlil Okafor,Philadelphia 76ers,2015,1,3,3
Kristaps Porzingis,New York Knicks,2015,1,4,4
Mario Hezonja,Orlando Magic,2015,1,5,5
Willie Cauley-Stein,Sacramento Kings,2015,1,6,6
Emmanuel Mudiay,Denver Nuggets,2015,1,7,7
Stanley Johnson,Detroit Pistons,2015,1,8,8
Frank Kaminsky,Charlotte Hornets,2015,1,9,9
Justise Winslow,Miami Heat,2015,1,10,10
Myles Turner,Indiana Pacers,2015,1,11,11
Trey Lyles,Utah Jazz,2015,1,12,12
Devin Booker,Phoenix Suns,2015,1,13,13
Cameron Payne,Oklahoma City Thunder,2015,1,14,14
Kelly Oubre Jr.,Atlanta Hawks,2015,1,15,15
Terry Rozier,Boston Celtics,2015,1,16,16
Rashad Vaughn,Milwaukee Bucks,2015,1,17,17
Sam Dekker,Houston Rockets,2015,1,18,18
Jerian Grant,Washington Wizards,2015,1,19,19
Delon Wright,Toronto Raptors,2015,1,20,20
Justin Anderson,Dallas Mavericks,2015,1,21,21
Bobby Portis,Chicago Bulls,2015,1,22,22
Rondae Hollis-Jefferson,Portland Trail Blazers,2015,1,23,23
Tyus Jones,Cleveland Cavaliers,2015,1,24,24
Jarell Martin,Memphis Grizzlies,2015,1,25,25
Nikola Milutinov,San Antonio Spurs,2015,1,26,26
Larry Nance Jr.,Los Angeles Lakers,2015,1,27,27
RJ Hunter,Boston Celtics,2015,1,28,28
Chris McCullough,Brooklyn Nets,2015,1,29,29
Kevon Looney,Golden State Warriors,2015,1,30,30
Cedi Osman,Minnesota Timberwolves,2015,2,1,31
Montrezl Harrell,Houston Rockets,2015,2,2,32
Jordan Mickey,Boston Celtics,2015,2,3,33
Anthony Brown,Los Angeles Lakers,2015,2,4,34
Willy Hernangomez,Philadelphia 76ers,2015,2,5,35
Rakeem Christmas,Minnesota Timberwolves,2015,2,6,36
Richaun Holmes,Philadelphia 76ers,2015,2,7,37
Darrun Hilliard,Detroit Pistons,2015,2,8,38
Juan Pablo Vaulet,Charlotte Hornets,2015,2,9,39
Josh Richardson,Miami Heat,2015,2,10,40
Pat Connaughton,Brooklyn Nets,2015,2,11,41
Olivier Hanlan,Utah Jazz,2015,2,12,42
Joe Young,Indiana Pacers,2015,2,13,43
Andrew Harrison,Phoenix Suns,2015,2,14,44
Marcus Thornton,Boston Celtics,2015,2,15,45
Norman Powell,Milwaukee Bucks,2015,2,16,46
Arturas Gudaitis,Philadelphia 76ers,2015,2,17,47
Dakari Johnson,Oklahoma City Thunder,2015,2,18,48
Aaron White,Washington Wizards,2015,2,19,49
Marcus Eriksson,Atlanta Hawks,2015,2,20,50
Tyler Harvey,Orlando Magic,2015,2,21,51
Satnam Singh,Dallas Mavericks,2015,2,22,52
Sir'Dominic Pointer,Cleveland Cavaliers,2015,2,23,53
Daniel Diez,Utah Jazz,2015,2,24,54
Cady Lalanne,San Antonio Spurs,2015,2,25,55
Branden Dawson,New Orleans Pelicans,2015,2,26,56
Nikola Radicevic,Denver Nuggets,2015,2,27,57
JP Tokoto,Philadelphia 76ers,2015,2,28,58
Dimitrios Agravanis,Atlanta Hawks,2015,2,29,59
Luka Mitrovic,Philadelphia 76ers,2015,2,30,60
Andrew Wiggins,Cleveland Cavaliers,2014,1,1,1
Jabari Parker,Milwaukee Bucks,2014,1,2,2
Joel Embiid,Philadelphia 76ers,2014,1,3,3
Aaron Gordon,Orlando Magic,2014,1,4,4
Dante Exum,Utah Jazz,2014,1,5,5
Marcus Smart,Boston Celtics,2014,1,6,6
Julius Randle,Los Angeles Lakers,2014,1,7,7
Nik Stauskas,Sacramento Kings,2014,1,8,8
Noah Vonleh,Charlotte Hornets,2014,1,9,9
Elfrid Payton,Philadelphia 76ers,2014,1,10,10
Doug McDermott,Denver Nuggets,2014,1,11,11
Dario Saric,Orlando Magic,2014,1,12,12
Zach LaVine,Minnesota Timberwolves,2014,1,13,13
T.J. Warren,Phoenix Suns,2014,1,14,14
Adreian Payne,Atlanta Hawks,2014,1,15,15
Jusuf Nurkic,Chicago Bulls,2014,1,16,16
James Young,Boston Celtics,2014,1,17,17
Tyler Ennis,Phoenix Suns,2014,1,18,18
Gary Harris,Chicago Bulls,2014,1,19,19
Bruno Caboclo,Toronto Raptors,2014,1,20,20
Mitch McGary,Oklahoma City Thunder,2014,1,21,21
Jordan Adams,Memphis Grizzlies,2014,1,22,22
Rodney Hood,Utah Jazz,2014,1,23,23
Shabazz Napier,Charlotte Hornets,2014,1,24,24
Clint Capela,Houston Rockets,2014,1,25,25
PJ Hairston,Miami Heat,2014,1,26,26
Bogdan Bogdanovic,Phoenix Suns,2014,1,27,27
C.J. Wilcox,Los Angeles Clippers,2014,1,28,28
Josh Huestis,Oklahoma City Thunder,2014,1,29,29
Kyle Anderson,San Antonio Spurs,2014,1,30,30
Damien Inglis,Milwaukee Bucks,2014,2,1,31
KJ McDaniels,Philadelphia 76ers,2014,2,2,32
Joe Harris,Cleveland Cavaliers,2014,2,3,33
Cleanthony Early,New York Knicks,2014,2,4,34
Jarnell Stokes,Utah Jazz,2014,2,5,35
Johnny O'Bryant III,Milwaukee Bucks,2014,2,6,36
DeAndre Daniels,Toronto Raptors,2014,2,7,37
Spencer Dinwiddie,Detroit Pistons,2014,2,8,38
Jerami Grant,Philadelphia 76ers,2014,2,9,39
Glenn Robinson III,Minnesota Timberwolves,2014,2,10,40
Nikola Jokic,Denver Nuggets,2014,2,11,41
Nick Johnson,Houston Rockets,2014,2,12,42
Edy Tavares,Atlanta Hawks,2014,2,13,43
Markel Brown,Minnesota Timberwolves,2014,2,14,44
Dwight Powell,Charlotte Hornets,2014,2,15,45
Jordan Clarkson,Washington Wizards,2014,2,16,46
Russ Smith,Philadelphia 76ers,2014,2,17,47
Lamar Patterson,Milwaukee Bucks,2014,2,18,48
Cameron Bairstow,Chicago Bulls,2014,2,19,49
Alec Brown,Phoenix Suns,2014,2,20,50
Thanasis Antetokounmpo,New York Knicks,2014,2,21,51
Vasilije Micic,Philadelphia 76ers,2014,2,22,52
Alessandro Gentile,Minnesota Timberwolves,2014,2,23,53
Nemanja Dangubic,Philadelphia 76ers,2014,2,24,54
Semaj Christon,Miami Heat,2014,2,25,55
Devyn Marble,Denver Nuggets,2014,2,26,56
Louis Labeyrie,Indiana Pacers,2014,2,27,57
Jordan McRae,San Antonio Spurs,2014,2,28,58
Xavier Thames,Toronto Raptors,2014,2,29,59
Cory Jefferson,San Antonio Spurs,2014,2,30,60
Anthony Bennett,Cleveland Cavaliers,2013,1,1,1
Victor Oladipo,Orlando Magic,2013,1,2,2
Otto Porter Jr.,Washington Wizards,2013,1,3,3
Cody Zeller,Charlotte Bobcats,2013,1,4,4
Alex Len,Phoenix Suns,2013,1,5,5
Nerlens Noel,New Orleans Pelicans,2013,1,6,6
Ben McLemore,Sacramento Kings,2013,1,7,7
Kentavious Caldwell-Pope,Detroit Pistons,2013,1,8,8
Trey Burke,Minnesota Timberwolves,2013,1,9,9
CJ McCollum,Portland Trail Blazers,2013,1,10,10
Michael Carter-Williams,Philadelphia 76ers,2013,1,11,11
Steven Adams,Oklahoma City Thunder,2013,1,12,12
Kelly Olynyk,Dallas Mavericks,2013,1,13,13
Shabazz Muhammad,Utah Jazz,2013,1,14,14
Giannis Antetokounmpo,Milwaukee Bucks,2013,1,15,15
Lucas Nogueira,Boston Celtics,2013,1,16,16
Dennis Schroder,Atlanta Hawks,2013,1,17,17
Shane Larkin,Atlanta Hawks,2013,1,18,18
Sergey Karasev,Cleveland Cavaliers,2013,1,19,19
Tony Snell,Chicago Bulls,2013,1,20,20
Gorgui Dieng,Utah Jazz,2013,1,21,21
Mason Plumlee,Brooklyn Nets,2013,1,22,22
Solomon Hill,Indiana Pacers,2013,1,23,23
Tim Hardaway Jr.,New York Knicks,2013,1,24,24
Reggie Bullock,Los Angeles Clippers,2013,1,25,25
Andre Roberson,Minnesota Timberwolves,2013,1,26,26
Rudy Gobert,Denver Nuggets,2013,1,27,27
Livio Jean-Charles,San Antonio Spurs,2013,1,28,28
Archie Goodwin,Oklahoma City Thunder,2013,1,29,29
Nemanja Nedovic,Phoenix Suns,2013,1,30,30
Allen Crabbe,Cleveland Cavaliers,2013,2,1,31
Alex Abrines,Oklahoma City Thunder,2013,2,2,32
Carrick Felix,Cleveland Cavaliers,2013,2,3,33
Isaiah Canaan,Houston Rockets,2013,2,4,34
Glen Rice,Philadelphia 76ers,2013,2,5,35
Ray McCallum,Sacramento Kings,2013,2,6,36
Tony Mitchell,Detroit Pistons,2013,2,7,37
Nate Wolters,Washington Wizards,2013,2,8,38
Jeff Withey,Portland Trail Blazers,2013,2,9,39
Grant Jerrett,Portland Trail Blazers,2013,2,10,40
Jamaal Franklin,Memphis Grizzlies,2013,2,11,41
Pierre Jackson,Philadelphia 76ers,2013,2,12,42
Ricky Ledo,Milwaukee Bucks,2013,2,13,43
Mike Muscala,Dallas Mavericks,2013,2,14,44
Marko Todorovic,Portland Trail Blazers,2013,2,15,45
Erick Green,Utah Jazz,2013,2,16,46
Raul Neto,Atlanta Hawks,2013,2,17,47
Ryan Kelly,Los Angeles Lakers,2013,2,18,48
Erik Murphy,Chicago Bulls,2013,2,19,49
James Ennis III,Atlanta Hawks,2013,2,20,50
Romero Osby,Orlando Magic,2013,2,21,51
Lorenzo Brown,Minnesota Timberwolves,2013,2,22,52
Colton Iverson,Indiana Pacers,2013,2,23,53
Arsalan Kazemi,Washington Wizards,2013,2,24,54
Joffrey Lauvergne,Memphis Grizzlies,2013,2,25,55
Peyton Siva,Detroit Pistons,2013,2,26,56
Alex Oriakhi,Phoenix Suns,2013,2,27,57
Deshaun Thomas,San Antonio Spurs,2013,2,28,58
Bojan Dubljevic,Minnesota Timberwolves,2013,2,29,59
Janis Timma,Memphis Grizzlies,2013,2,30,60
Anthony Davis,New Orleans Hornets,2012,1,1,1
Michael Kidd-Gilchrist,Charlotte Bobcats,2012,1,2,2
Bradley Beal,Washington Wizards,2012,1,3,3
Dion Waiters,Cleveland Cavaliers,2012,1,4,4
Thomas Robinson,Sacramento Kings,2012,1,5,5
Damian Lillard,Portland Trail Blazers,2012,1,6,6
Harrison Barnes,Golden State Warriors,2012,1,7,7
Terrence Ross,Toronto Raptors,2012,1,8,8
Andre Drummond,Detroit Pistons,2012,1,9,9
Austin Rivers,New Orleans Hornets,2012,1,10,10
Meyers Leonard,Portland Trail Blazers,2012,1,11,11
Jeremy Lamb,Houston Rockets,2012,1,12,12
Kendall Marshall,Phoenix Suns,2012,1,13,13
John Henson,Milwaukee Bucks,2012,1,14,14
Maurice Harkless,Philadelphia 76ers,2012,1,15,15
Royce White,Houston Rockets,2012,1,16,16
Tyler Zeller,Dallas Mavericks,2012,1,17,17
Terrence Jones,Houston Rockets,2012,1,18,18
Andrew Nicholson,Orlando Magic,2012,1,19,19
Evan Fournier,Denver Nuggets,2012,1,20,20
Jared Sullinger,Boston Celtics,2012,1,21,21
Fab Melo,Boston Celtics,2012,1,22,22
John Jenkins,Atlanta Hawks,2012,1,23,23
Jared Cunningham,Cleveland Cavaliers,2012,1,24,24
Tony Wroten,Memphis Grizzlies,2012,1,25,25
Miles Plumlee,Indiana Pacers,2012,1,26,26
Arnett Moultrie,Miami Heat,2012,1,27,27
Perry Jones III,Oklahoma City Thunder,2012,1,28,28
Marquis Teague,Chicago Bulls,2012,1,29,29
Festus Ezeli,Golden State Warriors,2012,1,30,30
Jeffery Taylor,Charlotte Bobcats,2012,2,1,31
Tomas Satoransky,Washington Wizards,2012,2,2,32
Bernard James,Cleveland Cavaliers,2012,2,3,33
Jae Crowder,Cleveland Cavaliers,2012,2,4,34
Draymond Green,Golden State Warriors,2012,2,5,35
Orlando Johnson,Sacramento Kings,2012,2,6,36
Quincy Acy,Toronto Raptors,2012,2,7,37
Quincy Miller,Denver Nuggets,2012,2,8,38
Khris Middleton,Detroit Pistons,2012,2,9,39
Will Barton,Portland Trail Blazers,2012,2,10,40
Tyshawn Taylor,Portland Trail Blazers,2012,2,11,41
Doron Lamb,Milwaukee Bucks,2012,2,12,42
Mike Scott,Atlanta Hawks,2012,2,13,43
Kim English,Detroit Pistons,2012,2,14,44
Justin Hamilton,Philadelphia 76ers,2012,2,15,45
Darius Miller,New Orleans Hornets,2012,2,16,46
Kevin Murphy,Utah Jazz,2012,2,17,47
Kostas Papanikolaou,New York Knicks,2012,2,18,48
Kyle O'Quinn,Orlando Magic,2012,2,19,49
Izzet Turkyilmaz,Denver Nuggets,2012,2,20,50
Kris Joseph,Boston Celtics,2012,2,21,51
Ognjen Kuzmic,Golden State Warriors,2012,2,22,52
Furkan Aldemir,Los Angeles Clippers,2012,2,23,53
Tornike Shengelia,Philadelphia 76ers,2012,2,24,54
Darius Johnson-Odom,Dallas Mavericks,2012,2,25,55
Tomislav Zubcic,Toronto Raptors,2012,2,26,56
Ilkan Karaman,Brooklyn Nets,2012,2,27,57
Robbie Hummel,Minnesota Timberwolves,2012,2,28,58
Marcus Denmon,San Antonio Spurs,2012,2,29,59
Robert Sacre,Los Angeles Lakers,2012,2,30,60
Kyrie Irving,Cleveland Cavaliers,2011,1,1,1
Derrick Williams,Minnesota Timberwolves,2011,1,2,2
Enes Kanter,Utah Jazz,2011,1,3,3
Tristan Thompson,Cleveland Cavaliers,2011,1,4,4
Jonas Valanciunas,Toronto Raptors,2011,1,5,5
Jan Vesely,Washington Wizards,2011,1,6,6
Bismack Biyombo,Sacramento Kings,2011,1,7,7
Brandon Knight,Detroit Pistons,2011,1,8,8
Kemba Walker,Charlotte Bobcats,2011,1,9,9
Jimmer Fredette,Milwaukee Bucks,2011,1,10,10
Klay Thompson,Golden State Warriors,2011,1,11,11
Alec Burks,Utah Jazz,2011,1,12,12
Markieff Morris,Phoenix Suns,2011,1,13,13
Marcus Morris Sr.,Houston Rockets,2011,1,14,14
Kawhi Leonard,Indiana Pacers,2011,1,15,15
Nikola Vucevic,Philadelphia 76ers,2011,1,16,16
Iman Shumpert,New York Knicks,2011,1,17,17
Chris Singleton,Washington Wizards,2011,1,18,18
Tobias Harris,Charlotte Bobcats,2011,1,19,19
Donatas Motiejunas,Minnesota Timberwolves,2011,1,20,20
Nolan Smith,Portland Trail Blazers,2011,1,21,21
Kenneth Faried,Denver Nuggets,2011,1,22,22
Nikola Mirotic,Houston Rockets,2011,1,23,23
Reggie Jackson,Oklahoma City Thunder,2011,1,24,24
MarShon Brooks,Boston Celtics,2011,1,25,25
Jordan Hamilton,Dallas Mavericks,2011,1,26,26
JaJuan Johnson,New Jersey Nets,2011,1,27,27
Norris Cole,Chicago Bulls,2011,1,28,28
Cory Joseph,San Antonio Spurs,2011,1,29,29
Jimmy Butler,Chicago Bulls,2011,1,30,30
Bojan Bogdanovic,Miami Heat,2011,2,1,31
Justin Harper,Cleveland Cavaliers,2011,2,2,32
Kyle Singler,Detroit Pistons,2011,2,3,33
Shelvin Mack,Washington Wizards,2011,2,4,34
Tyler Honeycutt,Sacramento Kings,2011,2,5,35
Jordan Williams,New Jersey Nets,2011,2,6,36
Trey Thompkins,Los Angeles Clippers,2011,2,7,37
Chandler Parsons,Houston Rockets,2011,2,8,38
Jeremy Tyler,Charlotte Bobcats,2011,2,9,39
Jon Leuer,Milwaukee Bucks,2011,2,10,40
Darius Morris,Los Angeles Lakers,2011,2,11,41
Davis Bertans,Indiana Pacers,2011,2,12,42
Malcolm Lee,Chicago Bulls,2011,2,13,43
Charles Jenkins,Golden State Warriors,2011,2,14,44
Josh Harrellson,New Orleans Hornets,2011,2,15,45
Andrew Goudelock,Los Angeles Lakers,2011,2,16,46
Travis Leslie,Los Angeles Clippers,2011,2,17,47
Keith Benson,Atlanta Hawks,2011,2,18,48
Josh Selby,Memphis Grizzlies,2011,2,19,49
Lavoy Allen,Philadelphia 76ers,2011,2,20,50
Jon Diebler,Portland Trail Blazers,2011,2,21,51
Vernon Macklin,Detroit Pistons,2011,2,22,52
DeAndre Liggins,Orlando Magic,2011,2,23,53
MIlan Macvan,Cleveland Cavaliers,2011,2,24,54
E'Twaun Moore,Boston Celtics,2011,2,25,55
Chukwudiebere Maduabum,Los Angeles Lakers,2011,2,26,56
Tanguy Ngombo,Dallas Mavericks,2011,2,27,57
Ater Majok,Los Angeles Lakers,2011,2,28,58
Adam Hanga,San Antonio Spurs,2011,2,29,59
Isaiah Thomas,Sacramento Kings,2011,2,30,60
John Wall,Washington Wizards,2010,1,1,1
Evan Turner,Philadelphia 76ers,2010,1,2,2
Derrick Favors,New Jersey Nets,2010,1,3,3
Wesley Johnson,Minnesota Timberwolves,2010,1,4,4
DeMarcus Cousins,Sacramento Kings,2010,1,5,5
Ekpe Udoh,Golden State Warriors,2010,1,6,6
Greg Monroe,Detroit Pistons,2010,1,7,7
Al-Farouq Aminu,Los Angeles Clippers,2010,1,8,8
Gordon Hayward,Utah Jazz,2010,1,9,9
Paul George,Indiana Pacers,2010,1,10,10
Cole Aldrich,New Orleans Hornets,2010,1,11,11
Xavier Henry,Memphis Grizzlies,2010,1,12,12
Ed Davis,Toronto Raptors,2010,1,13,13
Patrick Patterson,Houston Rockets,2010,1,14,14
Larry Sanders,Milwaukee Bucks,2010,1,15,15
Luke Babbitt,Minnesota Timberwolves,2010,1,16,16
Kevin Seraphin,Chicago Bulls,2010,1,17,17
Eric Bledsoe,Oklahoma City Thunder,2010,1,18,18
Avery Bradley,Boston Celtics,2010,1,19,19
James Anderson,San Antonio Spurs,2010,1,20,20
Craig Brackins,Oklahoma City Thunder,2010,1,21,21
Elliot Williams,Portland Trail Blazers,2010,1,22,22
Trevor Booker,Minnesota Timberwolves,2010,1,23,23
Damion James,Atlanta Hawks,2010,1,24,24
Dominique Jones,Memphis Grizzlies,2010,1,25,25
Quincy Pondexter,Oklahoma City Thunder,2010,1,26,26
Jordan Crawford,New Jersey Nets,2010,1,27,27
Greivis Vasquez,Memphis Grizzlies,2010,1,28,28
Daniel Orton,Orlando Magic,2010,1,29,29
Lazar Hayward,Washington Wizards,2010,1,30,30
Tibor Pleiss,New Jersey Nets,2010,2,1,31
Dexter Pittman,Miami Heat,2010,2,2,32
Hassan Whiteside,Sacramento Kings,2010,2,3,33
Armon Johnson,Portland Trail Blazers,2010,2,4,34
Nemanja Bjelica,Washington Wizards,2010,2,5,35
Terrico White,Detroit Pistons,2010,2,6,36
Darington Hobson,Milwaukee Bucks,2010,2,7,37
Andy Rautins,New York Knicks,2010,2,8,38
Landry Fields,New York Knicks,2010,2,9,39
Lance Stephenson,Indiana Pacers,2010,2,10,40
Jarvis Varnado,Miami Heat,2010,2,11,41
Da'Sean Butler,Miami Heat,2010,2,12,42
Devin Ebanks,Los Angeles Lakers,2010,2,13,43
Jerome Jordan,Milwaukee Bucks,2010,2,14,44
Paulao Prestes,Minnesota Timberwolves,2010,2,15,45
Gani Lawal,Phoenix Suns,2010,2,16,46
Tiny Gallon,Milwaukee Bucks,2010,2,17,47
Latavious Williams,Miami Heat,2010,2,18,48
Ryan Richards,San Antonio Spurs,2010,2,19,49
Solomon Alabi,Dallas Mavericks,2010,2,20,50
Magnum Rolle,Oklahoma City Thunder,2010,2,21,51
Luke Harangody,Boston Celtics,2010,2,22,52
Pape Sy,Atlanta Hawks,2010,2,23,53
Willie Warren,Los Angeles Clippers,2010,2,24,54
Jeremy Evans,Utah Jazz,2010,2,25,55
Hamady Ndiaye,Minnesota Timberwolves,2010,2,26,56
Ryan Reid,Indiana Pacers,2010,2,27,57
Derrick Caracter,Los Angeles Lakers,2010,2,28,58
Stanley Robinson,Orlando Magic,2010,2,29,59
Dwayne Collins,Phoenix Suns,2010,2,30,60
Blake Griffin,Los Angeles Clippers,2009,1,1,1
Hasheem Thabeet,Memphis Grizzlies,2009,1,2,2
James Harden,Oklahoma City Thunder,2009,1,3,3
Tyreke Evans,Sacramento Kings,2009,1,4,4
Ricky Rubio,Minnesota Timberwolves,2009,1,5,5
Jonny Flynn,Minnesota Timberwolves,2009,1,6,6
Stephen Curry,Golden State Warriors,2009,1,7,7
Jordan Hill,New York Knicks,2009,1,8,8
DeMar DeRozan,Toronto Raptors,2009,1,9,9
Brandon Jennings,Milwaukee Bucks,2009,1,10,10
Terrence Williams,New Jersey Nets,2009,1,11,11
Gerald Henderson,Charlotte Bobcats,2009,1,12,12
Tyler Hansbrough,Indiana Pacers,2009,1,13,13
Earl Clark,Phoenix Suns,2009,1,14,14
Austin Daye,Detroit Pistons,2009,1,15,15
James Johnson,Chicago Bulls,2009,1,16,16
Jrue Holiday,Philadelphia 76ers,2009,1,17,17
Ty Lawson,Minnesota Timberwolves,2009,1,18,18
Jeff Teague,Atlanta Hawks,2009,1,19,19
Eric Maynor,Utah Jazz,2009,1,20,20
Darren Collison,New Orleans Hornets,2009,1,21,21
Victor Claver,Portland Trail Blazers,2009,1,22,22
Omri Casspi,Sacramento Kings,2009,1,23,23
Byron Mullens,Dallas Mavericks,2009,1,24,24
Rodrigue Beaubois,Oklahoma City Thunder,2009,1,25,25
Taj Gibson,Chicago Bulls,2009,1,26,26
DeMarre Carroll,Memphis Grizzlies,2009,1,27,27
Wayne Ellington,Minnesota Timberwolves,2009,1,28,28
Toney Douglas,Los Angeles Lakers,2009,1,29,29
Christian Eyenga,Cleveland Cavaliers,2009,1,30,30
Jeff Ayres,Sacramento Kings,2009,2,1,31
Jermaine Taylor,Washington Wizards,2009,2,2,32
Dante Cunningham,Portland Trail Blazers,2009,2,3,33
Sergio Llull,Denver Nuggets,2009,2,4,34
DaJuan Summers,Detroit Pistons,2009,2,5,35
Sam Young,Memphis Grizzlies,2009,2,6,36
DeJuan Blair,San Antonio Spurs,2009,2,7,37
Jon Brockman,Portland Trail Blazers,2009,2,8,38
Jonas Jerebko,Detroit Pistons,2009,2,9,39
Derrick Brown,Charlotte Bobcats,2009,2,10,40
Jodie Meeks,Milwaukee Bucks,2009,2,11,41
Patrick Beverley,Los Angeles Lakers,2009,2,12,42
Marcus Thornton,Miami Heat,2009,2,13,43
Chase Budinger,Detroit Pistons,2009,2,14,44
Nick Calathes,Minnesota Timberwolves,2009,2,15,45
Danny Green,Cleveland Cavaliers,2009,2,16,46
Henk Norel,Minnesota Timberwolves,2009,2,17,47
Taylor Griffin,Phoenix Suns,2009,2,18,48
Sergiy Gladyr,Atlanta Hawks,2009,2,19,49
Goran Suton,Utah Jazz,2009,2,20,50
Jack McClinton,San Antonio Spurs,2009,2,21,51
AJ Price,Indiana Pacers,2009,2,22,52
Nando De Colo,San Antonio Spurs,2009,2,23,53
Robert Vaden,Charlotte Bobcats,2009,2,24,54
Patty Mills,Portland Trail Blazers,2009,2,25,55
Ahmad Nivins,Dallas Mavericks,2009,2,26,56
Emir Preldzic,Phoenix Suns,2009,2,27,57
Lester Hudson,Boston Celtics,2009,2,28,58
Chinemelu Elonu,Los Angeles Lakers,2009,2,29,59
Robert Dozier,Miami Heat,2009,2,30,60
